name	seq	type
rand_1	TTAGAATACGGCCCTGGGCATC	0
rand_2	CCCAGGAATATGTATGTGCCTA	0
rand_3	GTGCCTGAGTAGCATTTCACGA	0
rand_4	GTGTTTTTAAACGTCAATCGTC	0
rand_5	TCATCAAATTCGCCTATGAGGT	0
rand_6	GGCCTTGTGCAACAACGGGCGT	0
rand_7	TAAGCATATATTGATCTTCAGC	0
rand_8	GTATACCGCAAAGAAAATTAAC	0
rand_9	CCCAAAGGATGGGAGTGGCCCG	0
rand_10	GCATCTCACCGCTTTAGGCCTG	0
rand_11	GCCGAGGACCACAGGTGGCAAG	0
rand_12	AATATTTCGGCGTGCGCCATTT	0
rand_13	CATTTGGTAGCTTTATATTACA	0
rand_14	TGCACATTCAAAGTTTAGCTCA	0
rand_15	GCGCATGTCGCGATTAGTCGAA	0
rand_16	ACGGCCGTAGCCCAAGTCGTAC	0
rand_17	ACAATGGAATACAATACGGCTG	0
rand_18	ACATACCAGAAAATATAAGGAT	0
rand_19	ACAAGCTGCTTGTATGGAGCGT	0
rand_20	TAATATACTGATTCAGCTGCTT	0
rand_21	TGTGAGGGGGGGGTCATGGAAT	0
rand_22	GAGTCTTCCCTATGTTGACCAT	0
rand_23	AAGCATTAACAAACGTCGGACG	0
rand_24	GTATACTATAAGGGGGAACAAC	0
rand_25	CTGGGGTATGGGTGGCCTATTC	0
rand_26	TCTATAAGCCACCTGTCTAGCA	0
rand_27	TTTTAAGTCGAATGCTCTCCAT	0
rand_28	CCCGATTGGGACGGTGTGGCTA	0
rand_29	TGTAGGATCGAACGACTCCCCG	0
rand_30	TCAAAGAGCTAACAAGCCGGGT	0
rand_31	CGGGAGATTGGCCCGTCTAAAG	0
rand_32	TCCTTGGCTTCTAATAGTCTAG	0
rand_33	GGGTCAGAACATATGTCAATGT	0
rand_34	AAATAGGGCCGATGCCTGTAGT	0
rand_35	TCCTACAGCCGCAAGATTCTAA	0
rand_36	TACACACCGAGTGGCAGGTATT	0
rand_37	ACGCGGACAATCTTGCAGCCGC	0
rand_38	AAACTCCTAATCGTACGTCGCG	0
rand_39	TCCAGTCTGATTACTGATGGAT	0
rand_40	GGGTACAAATCAGGGTTGTCAC	0
rand_41	ACGTAGCGTCCCTCACGGATGA	0
rand_42	ACAGAGCCTCAAAATCTTATTC	0
rand_43	TCGGCGGGTAGCTACCGCTCCT	0
rand_44	GCCGGAACGACTCTGACTTTGA	0
rand_45	CGCAGATTGTGGAGCGCGATAC	0
rand_46	CTTTGAATAATGGCTTTGCATT	0
rand_47	ACCGAAGGTTTCAGAGGGTAGC	0
rand_48	ACTTATGGCGGCCAAGGCCGTA	0
rand_49	TATGATGACAAGTCCTCATCCT	0
rand_50	AGTCTTAAAGGCTCCGACCGAT	0
rand_51	CACGTTAGGCCGGGTACATTAG	0
rand_52	TTCTTTGTATCCACTGCTGCCC	0
rand_53	CAATTCGCATTTGGAGTCGATA	0
rand_54	ATCTACCCTCGCGCAGGATACA	0
rand_55	CACTATCTATTGGTTGCCCACG	0
rand_56	TTTCGTCGACCTGACTGCATCT	0
rand_57	ACCGAACACAACATCTTTAGCG	0
rand_58	GGAGGGGAGTATGTGCCCGAAA	0
rand_59	AATCCACCAGTATGCGTTTACA	0
rand_60	GGCCTTAGAGGCGCACGCAATA	0
rand_61	TGAATCAGCCATCGCTTTGCGC	0
rand_62	AAAGACTCGCTCTGCAAATTTG	0
rand_63	GTCTTGGTAGATGAATCCATAT	0
rand_64	GCCTTACACCAATCAAAAGGGC	0
rand_65	CCACACTATGGATGCAGTACCT	0
rand_66	GTCCTGCGAACGATATGAACAA	0
rand_67	TAGCTCCAAAACTAAATTATCT	0
rand_68	AATTCTGGCAATCGGTTGCAAA	0
rand_69	TGATCATAAAGATCACGGCTTC	0
rand_70	GGAATGCGCCACTTTAGAGGAC	0
rand_71	GGCACGATGATGCCACCACCAG	0
rand_72	TAAAGACAGTATCGGCTACCCC	0
rand_73	AAAAAGAGCGGCTCGTCATATT	0
rand_74	CCGGAGCACAGGTACTATATCA	0
rand_75	GGCAGAATAGAACCGTGAGCTT	0
rand_76	AGAATTTTCCCGCTGTGCTCGA	0
rand_77	GGCACCTGAGCCCAAATGGTCA	0
rand_78	TCGGGGCGGACTGCGAAAACGC	0
rand_79	GACTTGCGGACACTGCGCTGGG	0
rand_80	AGCTTGGTCCTGCGTGCATGTA	0
rand_81	GTGGATCGCTGGTAGTATTCAC	0
rand_82	AAAACGGTCCGCTTCGCGATGT	0
rand_83	GGTACCATGAAAAGGACAGAAA	0
rand_84	ACTGACTTATTTGCTCTGGCGC	0
rand_85	ACCGAGCGTGCAGAAGTCACAA	0
rand_86	GGATGGAGCCTCCTTTTAGGCT	0
rand_87	CCCACACCACAAGTTTCCCTAC	0
rand_88	CACGCAGTCTATCTTCGCAACC	0
rand_89	AAAGTGGGGGTGCCACTTATGG	0
rand_90	GGATATATGTTTTGTCGACGAC	0
rand_91	TCCTACCCTGTGAGGTCTCATG	0
rand_92	CTGTCCCGGTGCTTATGCTTCA	0
rand_93	CCACCAGATGCTCCTAACACGA	0
rand_94	GGTGGGGAGGTGTAGTTAAAGA	0
rand_95	CGAATTCCTCCATGAACTAGGA	0
rand_96	TGACACTTGGAGCCGATGGACG	0
rand_97	CAAATTCTATCTCTTTGCACGT	0
rand_98	AGATTAGGAGGCTAACATTTAG	0
rand_99	TTTATGTGTGGGAGGCAGCTTT	0
rand_100	CGTGGGTTCGAAACGCCTGTCG	0
