name	seq	type
rand_1	CAAGGGCACCTAAAGGCCATCT	0
rand_2	TATCTTCCGACGGTTAATAGGC	0
rand_3	TCACAGGGGTCTATGTACTTAA	0
rand_4	CTATGCGGTAATTTTCTTTCTG	0
rand_5	TTATGAAAAAATACGAGGCAGA	0
rand_6	GGGTCTAGAAATAGTTAGTCAC	0
rand_7	AGCTACAGAAATGTGTTTTTAG	0
rand_8	CTAGTGCTGACACCCGGTCTCA	0
rand_9	TGAGCAGCGCGTTTCCATTCGA	0
rand_10	CCAATCTTATGGCATTTTCTCC	0
rand_11	TTATCGTGACGAACTAAGGTCA	0
rand_12	ACACGATAAATGCTTGCGACCG	0
rand_13	CCACAAATCGAAGGTTAGGGTA	0
rand_14	AGACAAGTCTTCAGGTCTCGAT	0
rand_15	TTTGGCTCCATAAAGCTAGCAT	0
rand_16	TCCAAGGGGCTGGCCTGACACT	0
rand_17	CGCTCCTAGCCTGGGACGGTGG	0
rand_18	CTGGTGGCGAGGAATCCTATCC	0
rand_19	AAATTTGGACTGGACGGTACCT	0
rand_20	TGCTCTCGTCGGTGTAGCCCGC	0
rand_21	GTGTTTATCCATTAAGATCGGA	0
rand_22	CTAGACGCCCAGTCTAGTTAAC	0
rand_23	ACTCGTAGCTCATTGAGATTGA	0
rand_24	CTGGTCCACTGTATTACTTTTT	0
rand_25	CCGAGTGAGCTTACTGCTTTCT	0
rand_26	TCTGGCATACCACCCCCCAGCC	0
rand_27	GGTGTGTTCTCCTCCGGGAGTA	0
rand_28	GAAGCCTCGCACCGGACCTACG	0
rand_29	AATCAGACCCCATACCAAGCGG	0
rand_30	CGGTTGATAACATGGCGTCAAG	0
rand_31	TCATTAAACTGTTACAGAGGAC	0
rand_32	AACCCTCCCGAGGTCGTTTCTA	0
rand_33	CGAATACACCAGTGGTCCAGTG	0
rand_34	TGCGTACGAGAAGGGAGAGACC	0
rand_35	ATAAACGTACGGTAACGACATT	0
rand_36	CCCCAGCATTTTCCCGGCAGCG	0
rand_37	GTTGTACCAATAAGCGAGGATC	0
rand_38	TCGCGCGTCGGAGACTACTTGT	0
rand_39	GCTGCCCTCCGGTAAGGTTCTT	0
rand_40	GGTACTGGTCGAAATCCCTTTA	0
rand_41	TGCTCAGGAGTAATGTATTGAC	0
rand_42	TGGCGACCAGTTTCACGGCAGT	0
rand_43	TGGGACGTGTCACTCTATCAAT	0
rand_44	TATGTGATTACCAGAACCAGCT	0
rand_45	ATCGACAGTTCACGCCTAGCTC	0
rand_46	GAACTGCACCGATCGATATAGA	0
rand_47	TCCGTGGTTAGCTACGGGAACA	0
rand_48	TAACGAGTCCAGTTTCATCGCC	0
rand_49	TATTGACAGTCGATGCCTGTGT	0
rand_50	ATAATGACACCGCTGAAAGATC	0
