name	sequence	class
hsa-let-7f-5p__MIMAT0000067__let-7f-5p	TGAGGTAGTAGATTGTATAGTT	1
hsa-miR-15a-5p__MIMAT0000068__miR-15a-5p	TAGCAGCACATAATGGTTTGTG	1
hsa-miR-16-5p__MIMAT0000069__miR-16-5p	TAGCAGCACGTAAATATTGGCG	1
hsa-miR-17-3p__MIMAT0000071__miR-17-3p	ACTGCAGTGAAGGCACTTGTAG	1
hsa-miR-21-5p__MIMAT0000076__miR-21-5p	TAGCTTATCAGACTGATGTTGA	1
hsa-miR-22-3p__MIMAT0000077__miR-22-3p	AAGCTGCCAGTTGAAGAACTGT	1
hsa-miR-24-1-5p__MIMAT0000079__miR-24-1-5p	TGCCTACTGAGCTGATATCAGT	1
hsa-miR-24-3p__MIMAT0000080__miR-24-3p	TGGCTCAGTTCAGCAGGAACAG	1
hsa-miR-25-3p__MIMAT0000081__miR-25-3p	CATTGCACTTGTCTCGGTCTGA	1
hsa-miR-26a-5p__MIMAT0000082__miR-26a-5p	TTCAAGTAATCCAGGATAGGCT	1
hsa-miR-28-5p__MIMAT0000085__miR-28-5p	AAGGAGCTCACAGTCTATTGAG	1
hsa-miR-29a-3p__MIMAT0000086__miR-29a-3p	TAGCACCATCTGAAATCGGTTA	1
hsa-miR-30a-5p__MIMAT0000087__miR-30a-5p	TGTAAACATCCTCGACTGGAAG	1
hsa-miR-30a-3p__MIMAT0000088__miR-30a-3p	CTTTCAGTCGGATGTTTGCAGC	1
hsa-miR-32-5p__MIMAT0000090__miR-32-5p	TATTGCACATTACTAAGTTGCA	1
hsa-miR-92a-3p__MIMAT0000092__miR-92a-3p	TATTGCACTTGTCCCGGCCTGT	1
hsa-miR-95-3p__MIMAT0000094__miR-95-3p	TTCAACGGGTATTTATTGAGCA	1
hsa-miR-98-5p__MIMAT0000096__miR-98-5p	TGAGGTAGTAAGTTGTATTGTT	1
hsa-miR-99a-5p__MIMAT0000097__miR-99a-5p	AACCCGTAGATCCGATCTTGTG	1
hsa-miR-100-5p__MIMAT0000098__miR-100-5p	AACCCGTAGATCCGAACTTGTG	1
hsa-miR-196a-5p__MIMAT0000226__miR-196a-5p	TAGGTAGTTTCATGTTGTTGGG	1
hsa-miR-197-3p__MIMAT0000227__miR-197-3p	TTCACCACCTTCTCCACCCAGC	1
hsa-miR-198__MIMAT0000228__miR-198	GGTCCAGAGGGGAGATAGGTTC	1
hsa-miR-199a-3p__MIMAT0000232__miR-199a-3p	ACAGTAGTCTGCACATTGGTTA	1
hsa-miR-208a-3p__MIMAT0000241__miR-208a-3p	ATAAGACGAGCAAAAAGCTTGT	1
hsa-miR-148a-3p__MIMAT0000243__miR-148a-3p	TCAGTGCACTACAGAACTTTGT	1
hsa-miR-30d-5p__MIMAT0000245__miR-30d-5p	TGTAAACATCCCCGACTGGAAG	1
hsa-miR-34a-5p__MIMAT0000255__miR-34a-5p	TGGCAGTGTCTTAGCTGGTTGT	1
hsa-miR-181c-5p__MIMAT0000258__miR-181c-5p	AACATTCAACCTGTCGGTGAGT	1
hsa-miR-183-5p__MIMAT0000261__miR-183-5p	TATGGCACTGGTAGAATTCACT	1
hsa-miR-187-3p__MIMAT0000262__miR-187-3p	TCGTGTCTTGTGTTGCAGCCGG	1
hsa-miR-203a-3p__MIMAT0000264__miR-203a-3p	GTGAAATGTTTAGGACCACTAG	1
hsa-miR-204-5p__MIMAT0000265__miR-204-5p	TTCCCTTTGTCATCCTATGCCT	1
hsa-miR-205-5p__MIMAT0000266__miR-205-5p	TCCTTCATTCCACCGGAGTCTG	1
hsa-miR-210-3p__MIMAT0000267__miR-210-3p	CTGTGCGTGTGACAGCGGCTGA	1
hsa-miR-211-5p__MIMAT0000268__miR-211-5p	TTCCCTTTGTCATCCTTCGCCT	1
hsa-miR-181a-3p__MIMAT0000270__miR-181a-3p	ACCATCGACCGTTGATTGTACC	1
hsa-miR-214-3p__MIMAT0000271__miR-214-3p	ACAGCAGGCACAGACAGGCAGT	1
hsa-miR-216a-5p__MIMAT0000273__miR-216a-5p	TAATCTCAGCTGGCAACTGTGA	1
hsa-miR-223-3p__MIMAT0000280__miR-223-3p	TGTCAGTTTGTCAAATACCCCA	1
hsa-miR-200b-3p__MIMAT0000318__miR-200b-3p	TAATACTGCCTGGTAATGATGA	1
hsa-let-7g-5p__MIMAT0000414__let-7g-5p	TGAGGTAGTAGTTTGTACAGTT	1
hsa-let-7i-5p__MIMAT0000415__let-7i-5p	TGAGGTAGTAGTTTGTGCTGTT	1
hsa-miR-1-3p__MIMAT0000416__miR-1-3p	TGGAATGTAAAGAAGTATGTAT	1
hsa-miR-15b-5p__MIMAT0000417__miR-15b-5p	TAGCAGCACATCATGGTTTACA	1
hsa-miR-30b-5p__MIMAT0000420__miR-30b-5p	TGTAAACATCCTACACTCAGCT	1
hsa-miR-122-5p__MIMAT0000421__miR-122-5p	TGGAGTGTGACAATGGTGTTTG	1
hsa-miR-124-3p__MIMAT0000422__miR-124-3p	TAAGGCACGCGGTGAATGCCAA	1
hsa-miR-125b-5p__MIMAT0000423__miR-125b-5p	TCCCTGAGACCCTAACTTGTGA	1
hsa-miR-130a-3p__MIMAT0000425__miR-130a-3p	CAGTGCAATGTTAAAAGGGCAT	1
hsa-miR-132-3p__MIMAT0000426__miR-132-3p	TAACAGTCTACAGCCATGGTCG	1
hsa-miR-133a-3p__MIMAT0000427__miR-133a-3p	TTTGGTCCCCTTCAACCAGCTG	1
hsa-miR-140-5p__MIMAT0000431__miR-140-5p	CAGTGGTTTTACCCTATGGTAG	1
hsa-miR-141-3p__MIMAT0000432__miR-141-3p	TAACACTGTCTGGTAAAGATGG	1
hsa-miR-153-3p__MIMAT0000439__miR-153-3p	TTGCATAGTCACAAAAGTGATC	1
hsa-miR-9-3p__MIMAT0000442__miR-9-3p	ATAAAGCTAGATAACCGAAAGT	1
hsa-miR-126-3p__MIMAT0000445__miR-126-3p	TCGTACCGTGAGTAATAATGCG	1
hsa-miR-127-3p__MIMAT0000446__miR-127-3p	TCGGATCCGTCTGAGCTTGGCT	1
hsa-miR-134-5p__MIMAT0000447__miR-134-5p	TGTGACTGGTTGACCAGAGGGG	1
hsa-miR-146a-5p__MIMAT0000449__miR-146a-5p	TGAGAACTGAATTCCATGGGTT	1
hsa-miR-150-5p__MIMAT0000451__miR-150-5p	TCTCCCAACCCTTGTACCAGTG	1
hsa-miR-154-5p__MIMAT0000452__miR-154-5p	TAGGTTATCCGTGTTGCCTTCG	1
hsa-miR-154-3p__MIMAT0000453__miR-154-3p	AATCATACACGGTTGACCTATT	1
hsa-miR-184__MIMAT0000454__miR-184	TGGACGGAGAACTGATAAGGGT	1
hsa-miR-185-5p__MIMAT0000455__miR-185-5p	TGGAGAGAAAGGCAGTTCCTGA	1
hsa-miR-186-5p__MIMAT0000456__miR-186-5p	CAAAGAATTCTCCTTTTGGGCT	1
hsa-miR-190a-5p__MIMAT0000458__miR-190a-5p	TGATATGTTTGATATATTAGGT	1
hsa-miR-193a-3p__MIMAT0000459__miR-193a-3p	AACTGGCCTACAAAGTCCCAGT	1
hsa-miR-194-5p__MIMAT0000460__miR-194-5p	TGTAACAGCAACTCCATGTGGA	1
hsa-miR-206__MIMAT0000462__miR-206	TGGAATGTAAGGAAGTGTGTGG	1
hsa-miR-320a-3p__MIMAT0000510__miR-320a-3p	AAAAGCTGGGTTGAGAGGGCGA	1
hsa-miR-29c-3p__MIMAT0000681__miR-29c-3p	TAGCACCATTTGAAATCGGTTA	1
hsa-miR-200a-3p__MIMAT0000682__miR-200a-3p	TAACACTGTCTGGTAACGATGT	1
hsa-miR-299-3p__MIMAT0000687__miR-299-3p	TATGTGGGATGGTAAACCGCTT	1
hsa-miR-99b-5p__MIMAT0000689__miR-99b-5p	CACCCGTAGAACCGACCTTGCG	1
hsa-miR-130b-3p__MIMAT0000691__miR-130b-3p	CAGTGCAATGATGAAAGGGCAT	1
hsa-miR-30e-5p__MIMAT0000692__miR-30e-5p	TGTAAACATCCTTGACTGGAAG	1
hsa-miR-30e-3p__MIMAT0000693__miR-30e-3p	CTTTCAGTCGGATGTTTACAGC	1
hsa-miR-361-5p__MIMAT0000703__miR-361-5p	TTATCAGAATCTCCAGGGGTAC	1
hsa-miR-363-3p__MIMAT0000707__miR-363-3p	AATTGCACGGTATCCATCTGTA	1
hsa-miR-365a-3p__MIMAT0000710__miR-365a-3p	TAATGCCCCTAAAAATCCTTAT	1
hsa-miR-302b-5p__MIMAT0000714__miR-302b-5p	ACTTTAACATGGAAGTGCTTTC	1
hsa-miR-302c-5p__MIMAT0000716__miR-302c-5p	TTTAACATGGGGGTACCTGCTG	1
hsa-miR-367-3p__MIMAT0000719__miR-367-3p	AATTGCACTTTAGCAATGGTGA	1
hsa-miR-370-3p__MIMAT0000722__miR-370-3p	GCCTGCTGGGGTGGAACCTGGT	1
hsa-miR-373-5p__MIMAT0000725__miR-373-5p	ACTCAAAATGGGGGCGCTTTCC	1
hsa-miR-374a-5p__MIMAT0000727__miR-374a-5p	TTATAATACAACCTGATAAGTG	1
hsa-miR-375-3p__MIMAT0000728__miR-375-3p	TTTGTTCGTTCGGCTCGCGTGA	1
hsa-miR-377-3p__MIMAT0000730__miR-377-3p	ATCACACAAAGGCAACTTTTGT	1
hsa-miR-378a-5p__MIMAT0000731__miR-378a-5p	CTCCTGACTCCAGGTCCTGTGT	1
hsa-miR-378a-3p__MIMAT0000732__miR-378a-3p	ACTGGACTTGGAGTCAGAAGGC	1
hsa-miR-380-5p__MIMAT0000734__miR-380-5p	TGGTTGACCATAGAACATGCGC	1
hsa-miR-380-3p__MIMAT0000735__miR-380-3p	TATGTAATATGGTCCACATCTT	1
hsa-miR-381-3p__MIMAT0000736__miR-381-3p	TATACAAGGGCAAGCTCTCTGT	1
hsa-miR-382-5p__MIMAT0000737__miR-382-5p	GAAGTTGTTCGTGGTGGATTCG	1
hsa-miR-383-5p__MIMAT0000738__miR-383-5p	AGATCAGAAGGTGATTGTGGCT	1
hsa-miR-340-3p__MIMAT0000750__miR-340-3p	TCCGTCTCAGTTACTTTATAGC	1
hsa-miR-328-3p__MIMAT0000752__miR-328-3p	CTGGCCCTCTCTGCCCTTCCGT	1
hsa-miR-337-3p__MIMAT0000754__miR-337-3p	CTCCTATATGATGCCTTTCTTC	1
hsa-miR-148b-3p__MIMAT0000759__miR-148b-3p	TCAGTGCATCACAGAACTTTGT	1
rand_1	TCAAATGACCGGTTCCGAGAGA	-1
rand_2	ATTGCGAATCAAGTGGAGTGCC	-1
rand_3	ATACCATCTAAACGGCGCATGA	-1
rand_4	ATATCGCTGTTAGGTAGGCCCA	-1
rand_5	GAGGTTGTCTCCTCGCGGCAAT	-1
rand_6	GGGGTGACCAGGCATAGAATTG	-1
rand_7	GTCATAATTCGCAACGGTGGCC	-1
rand_8	CCGTGGCATAGATGATTGTCAC	-1
rand_9	GCTGCATTCCAATGCGTGCTAT	-1
rand_10	ATGACCTAAAGCAGGCTCTCCT	-1
rand_1	GCTAAGTACTTTGGGGGTAAGA	-1
rand_2	TCAGAAAACGAGCCAAGGGCAC	-1
rand_3	CTAAAGGCCATCTTATCTTCCG	-1
rand_4	ACGGTTAATAGGCTCACAGGGG	-1
rand_5	TCTATGTACTTAACTATGCGGT	-1
rand_6	AATTTTCTTTCTGTTATGAAAA	-1
rand_7	AATACGAGGCAGAGGGTCTAGA	-1
rand_8	AATAGTTAGTCACAGCTACAGA	-1
rand_9	AATGTGTTTTTAGCTAGTGCTG	-1
rand_10	ACACCCGGTCTCATGAGCAGCG	-1
rand_1	CGTTTCCATTCGACCAATCTTA	-1
rand_2	TGGCATTTTCTCCTTATCGTGA	-1
rand_3	CGAACTAAGGTCAACACGATAA	-1
rand_4	ATGCTTGCGACCGCCACAAATC	-1
rand_5	GAAGGTTAGGGTAAGACAAGTC	-1
rand_6	TTCAGGTCTCGATTTTGGCTCC	-1
rand_7	ATAAAGCTAGCATTCCAAGGGG	-1
rand_8	CTGGCCTGACACTCGCTCCTAG	-1
rand_9	CCTGGGACGGTGGCTGGTGGCG	-1
rand_10	AGGAATCCTATCCAAATTTGGA	-1
rand_1	CTGGACGGTACCTTGCTCTCGT	-1
rand_2	CGGTGTAGCCCGCGTGTTTATC	-1
rand_3	CATTAAGATCGGACTAGACGCC	-1
rand_4	CAGTCTAGTTAACACTCGTAGC	-1
rand_5	TCATTGAGATTGACTGGTCCAC	-1
rand_6	TGTATTACTTTTTCCGAGTGAG	-1
rand_7	CTTACTGCTTTCTTCTGGCATA	-1
rand_8	CCACCCCCCAGCCGGTGTGTTC	-1
rand_9	TCCTCCGGGAGTAGAAGCCTCG	-1
rand_10	CACCGGACCTACGAATCAGACC	-1
rand_1	CCATACCAAGCGGCGGTTGATA	-1
rand_2	ACATGGCGTCAAGTCATTAAAC	-1
rand_3	TGTTACAGAGGACAACCCTCCC	-1
rand_4	GAGGTCGTTTCTACGAATACAC	-1
rand_5	CAGTGGTCCAGTGTGCGTACGA	-1
rand_6	GAAGGGAGAGACCATAAACGTA	-1
rand_7	CGGTAACGACATTCCCCAGCAT	-1
rand_8	TTTCCCGGCAGCGGTTGTACCA	-1
rand_9	ATAAGCGAGGATCTCGCGCGTC	-1
rand_10	GGAGACTACTTGTGCTGCCCTC	-1
rand_1	CGGTAAGGTTCTTGGTACTGGT	-1
rand_2	CGAAATCCCTTTATGCTCAGGA	-1
rand_3	GTAATGTATTGACTGGCGACCA	-1
rand_4	GTTTCACGGCAGTTGGGACGTG	-1
rand_5	TCACTCTATCAATTATGTGATT	-1
rand_6	ACCAGAACCAGCTATCGACAGT	-1
rand_7	TCACGCCTAGCTCGAACTGCAC	-1
rand_8	CGATCGATATAGATCCGTGGTT	-1
rand_9	AGCTACGGGAACATAACGAGTC	-1
rand_10	CAGTTTCATCGCCTATTGACAG	-1
rand_1	TCGATGCCTGTGTATAATGACA	-1
rand_2	CCGCTGAAAGATCCCCGGATGG	-1
rand_3	TGGGACAGACCGACGTGAATTG	-1
rand_4	TCATGATCAGCCGGCAACAATC	-1
rand_5	CAAATTGCTTGTAGCAATGGAT	-1
rand_6	ACGGTCCTCGATTTGGGCATCT	-1
rand_7	GTCAACGGCCTTAGAGCACTGC	-1
rand_8	TAGCAGGTAGGGTGGTCCATAA	-1
rand_9	CACTTGAGCTTTGTACTAATGC	-1
rand_10	CGCGCTTTTCACAAAAGGTCTA	-1
rand_1	AGGATTAATACGGTAAGTTTTG	-1
rand_2	GATCTCTAATGAGTCTCGCACG	-1
rand_3	CTACCCGCGCGGAATCGTCGCA	-1
rand_4	ATAATAGAAACTTGAAAATAGG	-1
rand_5	TGGGCAGTAACAAAACCTCGAG	-1
rand_6	GTCAGACTGTCGGAGCCTGAAG	-1
rand_7	CGGACCCCGCGACTTGTAGACA	-1
rand_8	GGATTCGCCTCGCATAAACCTA	-1
rand_9	AGGTCCACTCGCGCTGGGGATG	-1
rand_10	TGGAGAGTAACAACCATAACTA	-1
rand_1	GCTCATTAATCTCCGTGCTATT	-1
rand_2	CAACCAAGCCCGGCTAGTCAAC	-1
rand_3	CCTGTGCAGCCGATATGATCTA	-1
rand_4	GGACTATCTCAGGTTAAGCGCG	-1
rand_5	GCTTGGCAACGATGTTGGACGA	-1
rand_6	ATGGCCCTTGATTAATCCAACG	-1
rand_7	CCGGCTGCAAAGTAACAGACCT	-1
rand_8	CGTCACCAGTACTAAAGACCAT	-1
rand_9	GCGAGAACACCATCAGGGCTCT	-1
rand_10	TACGCAGTAGTCGCAGTCATAT	-1
rand_1	AAGCTTTTGGGCGGCAGACCGT	-1
rand_2	CCCTTGAAACCGGCCACCGTCT	-1
rand_3	TATAATGAGCGTGAATACACGT	-1
rand_4	GCTTACGGACGTCGGGACTTCT	-1
rand_5	GAACCCGATAGACAGCCCTGCT	-1
rand_6	CAGTGTCGGGGTAAATGGTATA	-1
rand_7	GCTTCCTGTGTATAAGCTTCGT	-1
rand_8	GCGGTAGGTCAGACCAACTGGA	-1
rand_9	GCCCGGGTTTCACCATCATGGA	-1
rand_10	AAACGCATGCCCGTCATACAAT	-1