expr,time
bubble_sort(arr10),24332503
bubble_sort(arr100),694378
selection_sort(arr10000),1937244628
bubble_sort(arr100),567901
bubble_sort(arr100),554808
selection_sort(arr10),7773
quickSort(arr10),8978487
bubble_sort(arr1000),51326499
quickSort(arr100),707171
bubble_sort(arr10),11141
quickSort(arr1000),8958283
quickSort(arr10000),61787206
bubble_sort(arr100),655755
quickSort(arr10000),66664256
quickSort(arr10000),62236718
bubble_sort(arr10000),5230266167
bubble_sort(arr100),562057
quickSort(arr10000),55919222
bubble_sort(arr10),16896
selection_sort(arr100),236728
bubble_sort(arr10),9793
quickSort(arr1000),6791405
quickSort(arr1000),5110695
bubble_sort(arr1000),52385727
selection_sort(arr100),208437
quickSort(arr10000),53019342
selection_sort(arr10),13361
quickSort(arr10),52076
selection_sort(arr1000),20604761
quickSort(arr10000),58275326
quickSort(arr100),547266
quickSort(arr1000),6865987
bubble_sort(arr1000),54010010
selection_sort(arr10000),1833689183
bubble_sort(arr10000),5297664700
bubble_sort(arr10000),5193394100
selection_sort(arr1000),18386423
quickSort(arr10000),65226617
bubble_sort(arr10000),5202198473
quickSort(arr100),795984
quickSort(arr10),53450
selection_sort(arr1000),18809674
quickSort(arr100),542982
quickSort(arr10000),55196644
bubble_sort(arr1000),52603684
selection_sort(arr100),254481
quickSort(arr100),469128
selection_sort(arr1000),18226556
bubble_sort(arr10000),5187909674
bubble_sort(arr100),639951
quickSort(arr1000),4574861
quickSort(arr1000),4633147
bubble_sort(arr1000),50671786
quickSort(arr1000),4721776
bubble_sort(arr10),12591
quickSort(arr1000),11471952
quickSort(arr100),498105
selection_sort(arr1000),21354868
quickSort(arr1000),5618964
selection_sort(arr10000),1915357362
bubble_sort(arr1000),53950542
quickSort(arr10000),59771152
selection_sort(arr1000),21572700
bubble_sort(arr1000),55692192
quickSort(arr10),76230
quickSort(arr100),471665
selection_sort(arr10),9081
quickSort(arr100),441069
quickSort(arr100),459632
quickSort(arr10),46257
quickSort(arr1000),4799458
quickSort(arr100),458607
selection_sort(arr10),13593
bubble_sort(arr10),9750
quickSort(arr10000),61029489
selection_sort(arr100),247601
quickSort(arr10000),57989691
quickSort(arr1000),5382985
selection_sort(arr10),13476
bubble_sort(arr100),647646
selection_sort(arr10000),1903775278
bubble_sort(arr100),647463
selection_sort(arr100),235502
selection_sort(arr10000),1844494944
selection_sort(arr100),214851
quickSort(arr100),458269
bubble_sort(arr100),554953
bubble_sort(arr10),8576
quickSort(arr10000),55009921
quickSort(arr1000),5645957
selection_sort(arr10000),1859140159
bubble_sort(arr10),17664
selection_sort(arr100),206840
bubble_sort(arr100),549207
selection_sort(arr100),202551
bubble_sort(arr10),8088
selection_sort(arr1000),18292214
bubble_sort(arr10),17434
quickSort(arr10),68381
selection_sort(arr100),206874
bubble_sort(arr100),548984
bubble_sort(arr1000),51456497
selection_sort(arr100),216819
quickSort(arr100),503559
bubble_sort(arr10),10602
quickSort(arr100),441622
selection_sort(arr10000),1835646235
bubble_sort(arr100),545209
selection_sort(arr100),199683
bubble_sort(arr10000),5678075544
selection_sort(arr10),26046
bubble_sort(arr100),733910
selection_sort(arr1000),21222229
bubble_sort(arr100),644183
selection_sort(arr10000),2027231483
bubble_sort(arr10),22684
bubble_sort(arr10),10135
bubble_sort(arr10000),5915125170
quickSort(arr10),87062
quickSort(arr1000),6323116
quickSort(arr100),457514
quickSort(arr1000),4828751
bubble_sort(arr10000),5201294772
selection_sort(arr1000),18303483
selection_sort(arr1000),18224181
quickSort(arr100),524433
quickSort(arr1000),4845642
quickSort(arr10),47008
quickSort(arr1000),4713938
bubble_sort(arr10000),5206553268
quickSort(arr1000),6025622
quickSort(arr10),39812
selection_sort(arr100),208863
bubble_sort(arr10),9594
selection_sort(arr10),5434
quickSort(arr10000),59110780
quickSort(arr10000),59310296
quickSort(arr1000),5171335
selection_sort(arr10000),1837761163
selection_sort(arr10),13751
selection_sort(arr100),208247
quickSort(arr1000),6349534
selection_sort(arr10000),1815037526
bubble_sort(arr100),550312
quickSort(arr10000),52358127
quickSort(arr100),516145
selection_sort(arr10),12352
bubble_sort(arr1000),53244597
bubble_sort(arr10),15250
quickSort(arr10),74255
quickSort(arr1000),4672529
selection_sort(arr1000),19075335
bubble_sort(arr10),13520
bubble_sort(arr1000),51590135
bubble_sort(arr10),15484
bubble_sort(arr10000),5192967764
selection_sort(arr10),13988
selection_sort(arr1000),18204439
bubble_sort(arr10),10275
bubble_sort(arr100),536554
bubble_sort(arr100),535154
bubble_sort(arr10),7764
selection_sort(arr100),197604
selection_sort(arr1000),18292952
bubble_sort(arr10000),5412895649
quickSort(arr10),1698147
selection_sort(arr10000),1952969642
quickSort(arr10000),59329619
bubble_sort(arr10),16698
selection_sort(arr100),243291
selection_sort(arr1000),21790996
selection_sort(arr1000),21365446
quickSort(arr10000),58872862
quickSort(arr10000),61915750
bubble_sort(arr1000),60213911
quickSort(arr100),574670
quickSort(arr100),594464
bubble_sort(arr10000),5322808444
quickSort(arr10000),60054968
bubble_sort(arr10),15674
bubble_sort(arr10),9546
selection_sort(arr1000),21355316
selection_sort(arr1000),21259236
bubble_sort(arr10000),5213679330
bubble_sort(arr1000),51115473
quickSort(arr10),80460
bubble_sort(arr100),553070
bubble_sort(arr1000),50832743
bubble_sort(arr1000),51743171
bubble_sort(arr10000),5303576880
quickSort(arr100),513789
bubble_sort(arr10),12651
quickSort(arr100),491112
selection_sort(arr10),8987
bubble_sort(arr10),9900
selection_sort(arr10),6305
quickSort(arr10),52457
quickSort(arr10000),58682929
selection_sort(arr1000),21661519
bubble_sort(arr10000),5259407679
bubble_sort(arr10),15763
bubble_sort(arr1000),51316479
bubble_sort(arr10000),5216095075
quickSort(arr10000),59038455
quickSort(arr1000),5597845
quickSort(arr10000),59376123
quickSort(arr10000),60393540
quickSort(arr10000),60287529
bubble_sort(arr100),655611
selection_sort(arr10000),1892477458
selection_sort(arr100),215419
selection_sort(arr10),7215
bubble_sort(arr100),551968
selection_sort(arr10000),1892846595
bubble_sort(arr10),16657
selection_sort(arr10),6944
selection_sort(arr10000),1835455634
quickSort(arr10),88851
selection_sort(arr10000),1912183608
bubble_sort(arr10000),5174123375
selection_sort(arr1000),18331516
quickSort(arr10),90554
bubble_sort(arr100),540900
selection_sort(arr100),198522
bubble_sort(arr10),8857
quickSort(arr10),64541
quickSort(arr10000),60999781
selection_sort(arr10),12757
selection_sort(arr10000),1837340159
quickSort(arr10),79679
quickSort(arr10),53650
selection_sort(arr10),8617
selection_sort(arr1000),20281498
bubble_sort(arr100),657027
selection_sort(arr100),235114
bubble_sort(arr1000),52017333
selection_sort(arr100),214560
quickSort(arr10),69631
selection_sort(arr100),204671
bubble_sort(arr10000),5339312054
quickSort(arr1000),6010407
quickSort(arr10),39823
quickSort(arr10),38744
selection_sort(arr10000),1820197364
selection_sort(arr10),14398
quickSort(arr10),69638
quickSort(arr10),94750
selection_sort(arr10000),1843861611
selection_sort(arr1000),18295876
quickSort(arr100),472611
quickSort(arr10000),54272480
quickSort(arr10),58502
quickSort(arr10),46814
selection_sort(arr100),247501
bubble_sort(arr10000),5173142502
quickSort(arr100),487641
selection_sort(arr100),208858
selection_sort(arr10),5937
bubble_sort(arr10000),5590223288
selection_sort(arr1000),20189689
selection_sort(arr10000),2054212864
quickSort(arr10000),63377711
selection_sort(arr10000),2150945887
bubble_sort(arr10000),6058037375
selection_sort(arr1000),18126483
selection_sort(arr100),206621
selection_sort(arr10),6165
bubble_sort(arr10000),5724166691
quickSort(arr100),471693
bubble_sort(arr100),555257
quickSort(arr100),422601
selection_sort(arr10000),2051762890
selection_sort(arr10000),1851164876
bubble_sort(arr10000),5383361640
bubble_sort(arr1000),57457712
selection_sort(arr100),243048
bubble_sort(arr1000),59782124
selection_sort(arr10000),1942285756
quickSort(arr10),93951
bubble_sort(arr1000),66784069
quickSort(arr1000),6320760
selection_sort(arr10),14270
quickSort(arr1000),8211011
selection_sort(arr10000),1989581013
bubble_sort(arr10000),5228339585
bubble_sort(arr10),15125
quickSort(arr10),81051
quickSort(arr10),45154
bubble_sort(arr1000),55246240
quickSort(arr100),477917
selection_sort(arr10000),1821360442
selection_sort(arr1000),18129270
selection_sort(arr10),12359
bubble_sort(arr1000),51473638
bubble_sort(arr1000),51517488
bubble_sort(arr10000),5073464292
bubble_sort(arr10000),5187590038
bubble_sort(arr10000),5051618776
selection_sort(arr1000),19069256
selection_sort(arr10),9407
bubble_sort(arr1000),50360470
selection_sort(arr100),214315
quickSort(arr100),527473
selection_sort(arr10),7363
quickSort(arr10000),50521216
bubble_sort(arr1000),52468816
selection_sort(arr1000),18583896
bubble_sort(arr10000),6328340828
bubble_sort(arr100),560266
selection_sort(arr10),8218
selection_sort(arr1000),18248755
selection_sort(arr1000),18301630
selection_sort(arr10000),1852994783
selection_sort(arr100),207410
selection_sort(arr10),6805
selection_sort(arr100),283838
selection_sort(arr10000),1950987043
quickSort(arr100),603314
selection_sort(arr1000),18331987
quickSort(arr10),71410
selection_sort(arr1000),18297230
bubble_sort(arr100),556500
bubble_sort(arr1000),51164534
quickSort(arr10),72430
selection_sort(arr10),8806
selection_sort(arr10),5331
bubble_sort(arr10),8563
selection_sort(arr100),200717
quickSort(arr100),584471
selection_sort(arr10),6906
selection_sort(arr10),5388
quickSort(arr10),54111
selection_sort(arr100),198649
bubble_sort(arr10000),5580344907
quickSort(arr100),513140
quickSort(arr1000),4849192
bubble_sort(arr100),594299
selection_sort(arr1000),18409527
bubble_sort(arr100),564092
bubble_sort(arr10),9103
selection_sort(arr1000),18551411
bubble_sort(arr1000),50704951
bubble_sort(arr10),15612
selection_sort(arr10),7688
bubble_sort(arr10000),5175506017
selection_sort(arr100),212986
quickSort(arr10000),59177128
quickSort(arr100),490290
quickSort(arr1000),5529463
selection_sort(arr10000),1853811996
quickSort(arr10),186099
bubble_sort(arr10),20916
bubble_sort(arr1000),72637043
selection_sort(arr100),273280
selection_sort(arr10000),1862517945
bubble_sort(arr100),558892
bubble_sort(arr1000),51083704
bubble_sort(arr10),15998
selection_sort(arr1000),18503023
quickSort(arr1000),5239855
selection_sort(arr10000),1841071964
selection_sort(arr100),214420
quickSort(arr100),1853590
selection_sort(arr10),9199
bubble_sort(arr10),11353
bubble_sort(arr1000),50704069
quickSort(arr10),94199
quickSort(arr100),456789
selection_sort(arr10),9469
bubble_sort(arr100),550385
quickSort(arr1000),4654138
quickSort(arr100),449285
quickSort(arr1000),4451611
selection_sort(arr10000),1825335593
quickSort(arr10000),54812786
selection_sort(arr100),240480
quickSort(arr10),55623
selection_sort(arr10000),1878406335
bubble_sort(arr100),563903
bubble_sort(arr10000),5638221881
quickSort(arr100),514331
bubble_sort(arr100),542816
selection_sort(arr10),7542
selection_sort(arr100),199389
quickSort(arr10000),52794808
selection_sort(arr100),276754
bubble_sort(arr1000),52544944
quickSort(arr10),79568
selection_sort(arr10000),1806296151
bubble_sort(arr10000),5081548343
quickSort(arr10),80835
bubble_sort(arr10000),5135450869
bubble_sort(arr1000),50898149
selection_sort(arr10),13799
selection_sort(arr10000),1822929405
selection_sort(arr1000),18744332
selection_sort(arr100),216390
quickSort(arr10),70595
selection_sort(arr10000),1818682721
selection_sort(arr1000),18107653
quickSort(arr10000),55803449
selection_sort(arr100),292342
quickSort(arr10000),60776604
bubble_sort(arr100),654057
bubble_sort(arr10),10122
bubble_sort(arr10),8710
bubble_sort(arr100),643927
quickSort(arr1000),6254151
quickSort(arr10000),60147085
quickSort(arr10000),58445674
quickSort(arr10),56090
bubble_sort(arr1000),54991713
bubble_sort(arr100),546134
quickSort(arr1000),6025603
bubble_sort(arr10000),5221295423
selection_sort(arr10),13251
quickSort(arr10),66729
quickSort(arr1000),4536225
bubble_sort(arr1000),50293519
quickSort(arr1000),4454417
quickSort(arr100),444565
bubble_sort(arr1000),50258718
quickSort(arr100),489994
quickSort(arr10000),54391015
selection_sort(arr10),13316
quickSort(arr100),542830
bubble_sort(arr10000),5400384761
bubble_sort(arr100),656027
bubble_sort(arr10000),5622471261
bubble_sort(arr1000),51932264
selection_sort(arr100),215141
bubble_sort(arr1000),57564571
selection_sort(arr100),250958
quickSort(arr10),99829
selection_sort(arr1000),20896347
quickSort(arr10),93192
bubble_sort(arr10),13104
bubble_sort(arr10),9384
bubble_sort(arr10000),5630441829
bubble_sort(arr10),17914
bubble_sort(arr1000),56984905
selection_sort(arr1000),19549568
selection_sort(arr10),13093
bubble_sort(arr10000),5408496690
selection_sort(arr100),209507
bubble_sort(arr1000),49608496
selection_sort(arr100),206717
quickSort(arr1000),4535436
quickSort(arr10000),51013197
quickSort(arr1000),6853487
bubble_sort(arr100),633445
quickSort(arr10),44921
selection_sort(arr10000),1834523326
quickSort(arr10),71500
selection_sort(arr10000),2002815816
quickSort(arr10000),48699775
selection_sort(arr10),12558
quickSort(arr100),501018
quickSort(arr100),465146
bubble_sort(arr10000),5552191936
bubble_sort(arr1000),74821560
bubble_sort(arr10),21236
quickSort(arr1000),6501791
selection_sort(arr10000),1981170019
bubble_sort(arr1000),57387525
bubble_sort(arr10),16330
quickSort(arr1000),6983210
quickSort(arr100),522698
selection_sort(arr1000),21745927
quickSort(arr100),547029
quickSort(arr10000),58139217
selection_sort(arr10000),1901574144
quickSort(arr10000),62299814
selection_sort(arr10000),1960422153
quickSort(arr100),495345
bubble_sort(arr100),606209
selection_sort(arr1000),20694797
quickSort(arr1000),8101339
quickSort(arr1000),8173142
bubble_sort(arr100),685408
bubble_sort(arr100),628500
selection_sort(arr100),264234
quickSort(arr10),131929
selection_sort(arr1000),27507611
bubble_sort(arr100),652324
bubble_sort(arr100),614491
quickSort(arr10000),66356379
quickSort(arr1000),6151102
bubble_sort(arr1000),71956144
selection_sort(arr10000),1939910142
quickSort(arr100),483859
quickSort(arr10000),57304168
selection_sort(arr10000),1950906383
selection_sort(arr100),203746
bubble_sort(arr10),10408
quickSort(arr10),64271
selection_sort(arr10),6351
quickSort(arr10000),48888237
bubble_sort(arr1000),49827902
selection_sort(arr1000),17680543
quickSort(arr10000),53207323
quickSort(arr1000),5432753
selection_sort(arr1000),21462845
selection_sort(arr1000),21627575
quickSort(arr100),548774
bubble_sort(arr1000),53459701
bubble_sort(arr100),572660
quickSort(arr1000),6627213
bubble_sort(arr10000),5618097839
quickSort(arr100),546600
selection_sort(arr1000),21868598
selection_sort(arr10),16103
selection_sort(arr10000),2142606268
quickSort(arr100),574238
quickSort(arr10000),62932376
bubble_sort(arr10),16477
selection_sort(arr100),250323
bubble_sort(arr10000),7057834666
bubble_sort(arr10000),5358812485
bubble_sort(arr10000),5394532599
bubble_sort(arr100),617950
quickSort(arr10000),57206642
selection_sort(arr10),13157
bubble_sort(arr1000),55691885
bubble_sort(arr10),17124
quickSort(arr100),462718
quickSort(arr1000),4421961
quickSort(arr1000),4525780
selection_sort(arr10),10563
selection_sort(arr10000),1844549680
quickSort(arr100),492528
quickSort(arr10),39600
quickSort(arr10000),50683363
selection_sort(arr1000),18670583
quickSort(arr10000),100010980
bubble_sort(arr10),17015
bubble_sort(arr10),10089
selection_sort(arr1000),21088757
quickSort(arr10000),50174502
bubble_sort(arr100),640321
bubble_sort(arr10),9989
bubble_sort(arr100),660979
quickSort(arr10),98686
bubble_sort(arr1000),53064227
bubble_sort(arr10000),5172493809
bubble_sort(arr1000),51620782
selection_sort(arr10000),1822527752
quickSort(arr10000),50964449
bubble_sort(arr100),578218
bubble_sort(arr10000),5101876714
quickSort(arr1000),6208814
selection_sort(arr100),204751
bubble_sort(arr10000),5087371103
quickSort(arr1000),4300775
selection_sort(arr100),202632
bubble_sort(arr1000),51836364
bubble_sort(arr100),543681
bubble_sort(arr10000),5023551453
selection_sort(arr1000),20006811
selection_sort(arr100),216343
bubble_sort(arr10),10731
selection_sort(arr100),212877
selection_sort(arr10000),1827740182
selection_sort(arr10),12602
selection_sort(arr1000),18563496
bubble_sort(arr100),599665
quickSort(arr10),71295
bubble_sort(arr10000),5133493870
selection_sort(arr10),13886
selection_sort(arr1000),17851626
quickSort(arr1000),5966100
quickSort(arr10),38149
selection_sort(arr100),207401
bubble_sort(arr1000),49827748
bubble_sort(arr1000),49083473
selection_sort(arr10),10815
selection_sort(arr10000),1818979997
bubble_sort(arr100),545283
bubble_sort(arr10000),5068115343
selection_sort(arr10),13522
selection_sort(arr10000),1794875740
quickSort(arr10),113369
selection_sort(arr10),8140
quickSort(arr100),417028
selection_sort(arr100),193490
quickSort(arr100),426762
quickSort(arr1000),4431780
bubble_sort(arr1000),50659660
bubble_sort(arr10),14821
bubble_sort(arr10000),5077414261
selection_sort(arr10),13845
selection_sort(arr1000),19301384
quickSort(arr1000),4627458
selection_sort(arr10000),1801622336
selection_sort(arr10000),1779345775
selection_sort(arr10),13533
bubble_sort(arr100),552288
quickSort(arr1000),4504114
bubble_sort(arr10),10343
selection_sort(arr10),6323
